Normalized Root,Frequency,Broad Search Volume,
inositol,137,382670,1
supplement,72,170786,0.44630099
woman,82,118410,0.309431103
myo,38,100801,0.263414953
myo inositol,22,89181,0.233049364
inositol supplement,8,80452,0.210238587
balance,38,68694,0.179512374
fertility,50,67361,0.176028954
hormone,25,61202,0.159934147
pco,35,59702,0.15601432
hormone balance,20,58499,0.15287062
chiro,30,54328,0.141970889
d,29,54078,0.141317584
d chiro,28,53828,0.14066428
balance woman,7,52300,0.136671283
chiro inositol,22,51444,0.134434369
d chiro inositol,20,50944,0.13312776
hormone balance woman,6,47321,0.123660073
inositol d chiro,9,40928,0.106953772
myo inositol d chiro,7,40123,0.104850132
inositol d chiro inositol,6,39294,0.102683775
myo inositol d chiro inositol,5,38739,0.101233439
powder,25,38243,0.099937283
fertility supplement,13,35236,0.092079337
supplement woman,10,34299,0.089630752
ovasitol,7,33625,0.087869444
fertility supplement woman,3,31332,0.081877336
inositol powder,14,27876,0.072846055
pco supplement,6,27211,0.071108266
capsule,8,18089,0.047270494
weight,8,15799,0.041286226
loss,8,15799,0.041286226
weight loss,7,15549,0.040632921
spearmint,4,11831,0.030916978
pill,31,10999,0.028742781
spearmint capsule,2,10471,0.027363002
supplement weight loss,2,9625,0.02515222
myo d chiro,10,9144,0.023895262
support,12,9059,0.023673139
myo d chiro inositol,7,8394,0.021935349
choline,15,8041,0.021012883
balance supplement,9,7714,0.020158361
conception,10,7312,0.019107847
hormonal,8,7204,0.01882562
hormone balance supplement,6,6964,0.018198448
inositol capsule,4,6869,0.017950192
choline inositol,11,6621,0.017302114
fertility support,6,6521,0.017040792
ovasitol powder,2,6035,0.015770769
resistance supplement,3,5783,0.015112238
hormonal balance,4,5729,0.014971124
woman hormone balance,6,5566,0.014545169
conception woman,3,5562,0.014534717
insulin,3,5548,0.014498132
insulin resistance supplement,2,5298,0.013844827
pill woman,15,5287,0.013816082
clomifeno,8,5063,0.013230721
vitamin,15,4799,0.012540832
woman hormone balance supplement,4,4674,0.012214179
fertility pill,10,4388,0.011466799
ip6,5,4318,0.011283874
conceive,11,3939,0.010293464
pure,8,3922,0.01024904
para,10,3793,0.009911935
myoinositol,2,3521,0.009201139
ovulation,9,3520,0.009198526
myo inositol supplement,2,3488,0.009114903
plus,9,3445,0.009002535
androgen,7,3399,0.008882327
myo inositol powder,2,3391,0.008861421
fertility pill woman,7,3287,0.008589646
1000mg,6,3209,0.008385815
hirsutism,3,3141,0.008208117
clomid,7,3079,0.008046097
ovistal,4,3039,0.007941568
boost,1,2939,0.007680247
period,9,2934,0.007667181
pastilla,9,2914,0.007614916
clomiphene,7,2850,0.00744767
female,6,2812,0.007348368
ovarian,7,2811,0.007345755
inositol 1000mg,4,2709,0.007079207
pco multivitamin,3,2670,0.006977291
woman fertility,6,2638,0.006893668
hair,3,2609,0.006817885
ip6 inositol,2,2592,0.00677346
fibroid,5,2592,0.00677346
cyst,6,2561,0.00669245
embarazada,5,2543,0.006645412
magnesium,4,2327,0.006080957
500mg,6,2297,0.006002561
alani,8,2249,0.005877127
regulate,5,2181,0.005699428
pastilla para,6,2164,0.005655003
treatment,4,2160,0.00564455
glycine,1,2130,0.005566154
conceive plus,5,2080,0.005435493
clomid fertility pill woman,3,2079,0.00543288
magnesium inositol,3,2077,0.005427653
pco hair,2,2076,0.00542504
pco hormone balance,2,2073,0.0054172
ovarian cyst,4,2061,0.005385842
now,7,2005,0.005239501
metformina,1,1916,0.005006925
pure inositol,2,1873,0.004894557
polvo,2,1870,0.004886717
quedar embarazada,4,1851,0.004837066
plus woman,4,1830,0.004782188
removal,1,1826,0.004771735
clomiphene citrate,5,1818,0.00475083
female hormone,2,1812,0.00473515
gummy,5,1786,0.004667207
health,7,1750,0.004573131
mio inositol,2,1733,0.004528706
inisitol,2,1701,0.004445083
natural,5,1648,0.004306583
insitol,3,1639,0.004283064
clomifeno para,4,1629,0.004256932
tea,2,1616,0.00422296
fem,5,1615,0.004220347
para quedar embarazada,3,1601,0.004183761
control,5,1600,0.004181148
conceive plus woman,3,1580,0.004128884
endometriosi,1,1563,0.004084459
pure encapsulation,4,1549,0.004047874
inositol 500mg,3,1547,0.004042648
treatment woman,3,1512,0.003951185
jarrow,6,1500,0.003919826
alani nu,6,1500,0.003919826
anti androgen,3,1479,0.003864949
pco weight loss,2,1437,0.003755194
androgen blocker woman,2,1420,0.003710769
d chiro inositol powder,2,1414,0.00369509
fibroid shrink,4,1398,0.003653278
ttc,1,1393,0.003640212
ovulation supplement,2,1366,0.003569655
en,1,1359,0.003551363
birth control,4,1350,0.003527844
b8,4,1334,0.003486032
menstrual,3,1300,0.003397183
cyst treatment woman,2,1262,0.003297881
now inositol,4,1255,0.003279588
pregnitude,1,1253,0.003274362
to,5,1250,0.003266522
get pregnant,5,1250,0.003266522
hormone support,2,1236,0.003229937
inositol 40 1,3,1229,0.003211644
gold,1,1226,0.003203805
infertility,3,1221,0.003190739
insomnitol,1,1220,0.003188126
balance hormone,2,1217,0.003180286
pco vitamin,2,1215,0.003175059
egg quality,3,1213,0.003169833
rapido,3,1192,0.003114955
inositol 2000mg,2,1170,0.003057465
geritol,2,1170,0.003057465
myostatin,1,1156,0.00302088
inhibitor,1,1156,0.00302088
vitamin woman,3,1110,0.002900672
cleanse,3,1100,0.002874539
velositol,1,1061,0.002772624
woman fertility supplement,3,1058,0.002764784
ovasitol inositol,2,1055,0.002756945
period pill,3,1037,0.002709907
inositol gummy,2,1036,0.002707293
mira,1,1008,0.002634123
tablet,4,1000,0.002613218
design health,4,1000,0.002613218
alani nu balance,4,1000,0.002613218
50mg,4,1000,0.002613218
twin,4,1000,0.002613218
to get pregnant,4,1000,0.002613218
mujer,4,1000,0.002613218
inositol 40 1 ratio,2,979,0.00255834
inosotol,1,977,0.002553114
weight loss supplement,2,975,0.002547887
hormonal weight loss,2,975,0.002547887
infertility supplement,2,971,0.002537434
egg quality supplement,2,963,0.002516529
embarazada rapido,2,942,0.002461651
inositol choline,2,920,0.00240416
methionine,2,920,0.00240416
ovulation pill,2,904,0.002362349
ovistal pco,2,883,0.002307471
ovatol,2,874,0.002283952
fem plus,2,865,0.002260433
insotol,1,854,0.002231688
birth control cleanse,2,850,0.002221235
vitamin b8,2,834,0.002179424
premama fertility,2,817,0.002134999
fertility support her,2,817,0.002134999
ovary,2,802,0.002095801
pure encapsulation inositol,2,785,0.002051376
pco supplement woman,2,783,0.002046149
inositol pure,2,764,0.001996498
heavy,2,756,0.001975593
inositol 4000mg,3,750,0.001959913
inofolic,3,750,0.001959913
inositol pco,3,750,0.001959913
inositol myo,3,750,0.001959913
life extension,3,750,0.001959913
design health inositol,3,750,0.001959913
inositol hexaphosphate,3,750,0.001959913
choline inositol 1000mg,3,750,0.001959913
hormone balance powder,3,750,0.001959913
woman pco,3,750,0.001959913
ip 6 inositol,3,750,0.001959913
citrato,3,750,0.001959913
de,3,750,0.001959913
imbalance,3,750,0.001959913
stop period,3,750,0.001959913
pill woman to get pregnant,3,750,0.001959913
fertile,3,750,0.001959913
period supplement,3,750,0.001959913
pastilla anticonceptiva,3,750,0.001959913
balance capsule,2,749,0.0019573
pastilla para quedar embarazada,2,722,0.001886743
myomin,2,717,0.001873677
salir,1,692,0.001808347
regulation,1,647,0.001690752
cycle,1,544,0.00142159
facial,1,533,0.001392845
sensitol,1,532,0.001390232
bleeding,1,506,0.001322288
myo inositol 4000mg,2,500,0.001306609
inositol vitamin,2,500,0.001306609
inositol myo d chiro,2,500,0.001306609
organic,2,500,0.001306609
life extension inositol,2,500,0.001306609
now inositol capsule,2,500,0.001306609
inosine,2,500,0.001306609
fem balance,2,500,0.001306609
forest leaf,2,500,0.001306609
dchiro inositol,2,500,0.001306609
jarrow inositol,2,500,0.001306609
eu natural regulate,2,500,0.001306609
inositol jarrow,2,500,0.001306609
solgar,2,500,0.001306609
femara,2,500,0.001306609
fairhaven,2,500,0.001306609
thorne,2,500,0.001306609
best,2,500,0.001306609
cenitol,2,500,0.001306609
conception inositol,2,500,0.001306609
supplement pco,2,500,0.001306609
vitamin b,2,500,0.001306609
ovaboost,2,500,0.001306609
ovarian health,2,500,0.001306609
21,2,500,0.001306609
help,2,500,0.001306609
pill to,2,500,0.001306609
citrato de clomifeno,2,500,0.001306609
ovario,2,500,0.001306609
ovulation support,2,500,0.001306609
clomid 50mg,2,500,0.001306609
conceive twin,2,500,0.001306609
female fertility,2,500,0.001306609
magnesium inositol relax,2,500,0.001306609
fertility vitamin,2,500,0.001306609
berberine,2,500,0.001306609
fibroid shrink ovarian cyst,2,500,0.001306609
ovulation vitamin,2,500,0.001306609
pregnancy,2,500,0.001306609
immediately,2,500,0.001306609
stop period pill woman,2,500,0.001306609
to get pregnant fast,2,500,0.001306609
para ovular,2,500,0.001306609
pco gummy,2,500,0.001306609
choline inositol 500mg,2,500,0.001306609
conception pill woman,2,500,0.001306609
hormonal balance supplement,2,500,0.001306609
mg,2,500,0.001306609
hormonal imbalance supplement,2,500,0.001306609
se√±ora muller,2,500,0.001306609
diane,2,500,0.001306609
detox,2,500,0.001306609
dr,2,500,0.001306609
brighten,2,500,0.001306609
sop,1,499,0.001303996
niam,1,499,0.001303996
leptin,1,485,0.001267411
insoitol,1,250,0.000653304
inosital,1,250,0.000653304
insitosol,1,250,0.000653304
insolitol,1,250,0.000653304
inisotol,1,250,0.000653304
isotol,1,250,0.000653304
myinsotol,1,250,0.000653304
inostisol,1,250,0.000653304
vitatu,1,250,0.000653304
mioinositol,1,250,0.000653304
inistol,1,250,0.000653304
alpha,1,250,0.000653304
man,1,250,0.000653304
belive,1,250,0.000653304
ovatisol,1,250,0.000653304
cap,1,250,0.000653304
dci,1,250,0.000653304
my,1,250,0.000653304
ovitasol,1,250,0.000653304
polyc,1,250,0.000653304
premium,1,250,0.000653304
dougla,1,250,0.000653304
lab,1,250,0.000653304
holiherb,1,250,0.000653304
mayo,1,250,0.000653304
hexaniacinate,1,250,0.000653304
sleep,1,250,0.000653304
ovasitil,1,250,0.000653304
ovositol,1,250,0.000653304
ovusitol,1,250,0.000653304
fersitol,1,250,0.000653304
bikini,1,250,0.000653304
burn,1,250,0.000653304
magnesio,1,250,0.000653304
ovasit,1,250,0.000653304
ovistol,1,250,0.000653304
smoo,1,250,0.000653304
hp,1,250,0.000653304
pranobex,1,250,0.000653304
folate,1,250,0.000653304
optify,1,250,0.000653304
gansote,1,250,0.000653304
impryl,1,250,0.000653304
poly,1,250,0.000653304
c,1,250,0.000653304
insotal,1,250,0.000653304
ovasital,1,250,0.000653304
you,1,250,0.000653304
standard,1,250,0.000653304
process,1,250,0.000653304
vamitol,1,250,0.000653304
pregnositol,1,250,0.000653304
vital,1,250,0.000653304
nutrient,1,250,0.000653304
ahnitol,1,250,0.000653304
beatol,1,250,0.000653304
omifin,1,250,0.000653304
cell,1,250,0.000653304
forte,1,250,0.000653304
vitex,1,250,0.000653304
hexanicotinate,1,250,0.000653304
letrozole,1,250,0.000653304
morosil,1,250,0.000653304
optinositol,1,250,0.000653304
outliving,1,250,0.000653304
your,1,250,0.000653304
glandular,1,250,0.000653304
poliquistico,1,250,0.000653304
tratamiento,1,250,0.000653304
medicine,1,250,0.000653304
tolece,1,250,0.000653304
hyperovulation,1,250,0.000653304
formula,1,250,0.000653304
omnilife,1,250,0.000653304
ovastol,1,250,0.000653304
embarazarse,1,250,0.000653304
moo,1,250,0.000653304
myovite,1,250,0.000653304
apetitol,1,250,0.000653304
athletol,1,250,0.000653304
healthy,1,250,0.000653304
metagenic,1,250,0.000653304
ovulex,1,250,0.000653304
oryzanol,1,250,0.000653304
ovanpa,1,250,0.000653304
r,1,250,0.000653304
y,1,250,0.000653304
acrotol,1,250,0.000653304
adenomyosi,1,250,0.000653304
besita,1,250,0.000653304
chlomid,1,250,0.000653304
ovulacion,1,250,0.000653304
la,1,250,0.000653304
conceiving,1,250,0.000653304
totality,1,250,0.000653304
fertilaid,1,250,0.000653304
kit,1,250,0.000653304
anticoncepcional,1,250,0.000653304
ciclo,1,250,0.000653304
carta,1,250,0.000653304
mi,1,250,0.000653304
50,1,250,0.000653304
easy,1,250,0.000653304
conseption,1,250,0.000653304
deepcomp,1,250,0.000653304
emergency,1,250,0.000653304
contraception,1,250,0.000653304
feetility,1,250,0.000653304
aid,1,250,0.000653304
aide,1,250,0.000653304
fertili,1,250,0.000653304
booster,1,250,0.000653304
medication,1,250,0.000653304
fh,1,250,0.000653304
pro,1,250,0.000653304
remedy,1,250,0.000653304
jinsoul,1,250,0.000653304
medroxyprogesterone,1,250,0.000653304
10,1,250,0.000653304
meformina,1,250,0.000653304
missed,1,250,0.000653304
joy,1,250,0.000653304
argento,1,250,0.000653304
ovavite,1,250,0.000653304
drink,1,250,0.000653304
mix,1,250,0.000653304
regulador,1,250,0.000653304
restolin,1,250,0.000653304
blend,1,250,0.000653304
packet,1,250,0.000653304
35,1,250,0.000653304
bellaface,1,250,0.000653304
bm36,1,250,0.000653304
calmyoti,1,250,0.000653304
cassava,1,250,0.000653304
cervical,1,250,0.000653304
mucus,1,250,0.000653304
enhancer,1,250,0.000653304
clomifene,1,250,0.000653304
hombre,1,250,0.000653304
jolene,1,250,0.000653304
compuesto,1,250,0.000653304
vegetal,1,250,0.000653304
concepcion,1,250,0.000653304
conciebe,1,250,0.000653304
cyster,1,250,0.000653304
glow,1,250,0.000653304
concieve,1,250,0.000653304
abisol,1,250,0.000653304
ace,1,250,0.000653304
trophy,1,250,0.000653304
drop,1,250,0.000653304
ainostone,1,250,0.000653304
anavar,1,250,0.000653304
annisite,1,250,0.000653304
ashwagandha,1,250,0.000653304
asitp,1,250,0.000653304
batoliet,1,250,0.000653304
beemyi,1,250,0.000653304
bella,1,250,0.000653304
face,1,250,0.000653304
